{"kind":"youtube#commentThreadListResponse","etag":"\"ld9biNPKjAjgjV7EZ4EKeEGrhao/7gJCOMIes3oj9x96KKbbuzMkD2k\"","pageInfo":{"totalResults":13,"resultsPerPage":100},"items":[{"kind":"youtube#commentThread","etag":"\"ld9biNPKjAjgjV7EZ4EKeEGrhao/J8e5BB-POYyzisn3Fu0LF77Ea3w\"","id":"z13eibbp5v3lfvgmd22pypghypvlixgna","snippet":{"videoId":"N88K0MCL9Vc","topLevelComment":{"kind":"youtube#comment","etag":"\"ld9biNPKjAjgjV7EZ4EKeEGrhao/go06S1a8opeoc9qOgyRtXQq1rZI\"","id":"z13eibbp5v3lfvgmd22pypghypvlixgna","snippet":{"authorDisplayName":"天兵亞瑟的忠實粉絲","authorProfileImageUrl":"https://yt3.ggpht.com/-aaQN4U86dh8/AAAAAAAAAAI/AAAAAAAAAAA/4X-tJjW1edk/s28-c-k-no-mo-rj-c0xffffff/photo.jpg","authorChannelUrl":"http://www.youtube.com/channel/UCeQwbxKIpnM_hfOAwxX1rYA","authorChannelId":{"value":"UCeQwbxKIpnM_hfOAwxX1rYA"},"videoId":"N88K0MCL9Vc","textDisplay":"終於換啾啾鞋啦！<br />好感動&gt;&lt;<br />市長好可愛喔OuO<br />大家猜下一個是誰:D<br /><del>希望howhow也可以來業配世大運</del>","textOriginal":"終於換啾啾鞋啦！\n好感動><\n市長好可愛喔OuO\n大家猜下一個是誰:D\n-希望howhow也可��來業配世大運-","canRate":true,"viewerRating":"none","likeCount":874,"publishedAt":"2017-07-26T12:00:55.000Z","updatedAt":"2017-07-26T12:01:53.000Z"}},"canReply":true,"totalReplyCount":35,"isPublic":true},"replies":{"comments":[{"kind":"youtube#comment","etag":"\"ld9biNPKjAjgjV7EZ4EKeEGrhao/ANc_gaQfm2vGgaNT53QlttSbfPg\"","id":"z13eibbp5v3lfvgmd22pypghypvlixgna.1501324891868127","snippet":{"authorDisplayName":"Malfoy Anna","authorProfileImageUrl":"https://yt3.ggpht.com/-vJ5KgUrpPGA/AAAAAAAAAAI/AAAAAAAAAAA/3DjjntKsshM/s28-c-k-no-mo-rj-c0xffffff/photo.jpg","authorChannelUrl":"http://www.youtube.com/channel/UCkVg6fCxy-0YPP_WwqTPWMw","authorChannelId":{"value":"UCkVg6fCxy-0YPP_WwqTPWMw"},"videoId":"N88K0MCL9Vc","textDisplay":"Djjdd Djfjfi 推薦走路痛的","textOriginal":"Djjdd Djfjfi 推薦走路痛的","parentId":"z13eibbp5v3lfvgmd22pypghypvlixgna","canRate":true,"viewerRating":"none","likeCount":2,"publishedAt":"2017-07-29T10:41:31.000Z","updatedAt":"2017-07-29T10:41:31.000Z"}},{"kind":"youtube#comment","etag":"\"ld9biNPKjAjgjV7EZ4EKeEGrhao/RKcCw7qhuEl0S2YxgHgP5ETcNRc\"","id":"z13eibbp5v3lfvgmd22pypghypvlixgna.1501294966991369","snippet":{"authorDisplayName":"巴斯光年","authorProfileImageUrl":"https://yt3.ggpht.com/-hwWRdDJ4RCE/AAAAAAAAAAI/AAAAAAAAAAA/W4pQGPxtrdQ/s28-c-k-no-mo-rj-c0xffffff/photo.jpg","authorChannelUrl":"http://www.youtube.com/channel/UCDaN7qUXnisC7nPoGw8S26w","authorChannelId":{"value":"UCDaN7qUXnisC7nPoGw8S26w"},"videoId":"N88K0MCL9Vc","textDisplay":"聖結石的主要客群不符合世大運的要求 跟柯P合作的影片素質也不能太低 所以那種拍給小孩子看的youtuber柯P看不上眼","textOriginal":"聖結石的主要客群不符合世大運的要求 跟柯P合作的影片素質也不能太低 所以那種拍給小孩子看的youtuber柯P看不上眼","parentId":"z13eibbp5v3lfvgmd22pypghypvlixgna","canRate":true,"viewerRating":"none","likeCount":16,"publishedAt":"2017-07-29T02:22:46.000Z","updatedAt":"2017-07-29T02:22:46.000Z"}},{"kind":"youtube#comment","etag":"\"ld9biNPKjAjgjV7EZ4EKeEGrhao/8G2ok-SC8y6OIrGqqRVEsUKP-CA\"","id":"z13eibbp5v3lfvgmd22pypghypvlixgna.1501246211984904","snippet":{"authorDisplayName":"An An","authorProfileImageUrl":"https://yt3.ggpht.com/-eDFhFu6iHW0/AAAAAAAAAAI/AAAAAAAAAAA/3X52bAk6Boo/s28-c-k-no-mo-rj-c0xffffff/photo.jpg","authorChannelUrl":"http://www.youtube.com/channel/UCLbt7He6bDok5DlXhZE4I8g","authorChannelId":{"value":"UCLbt7He6bDok5DlXhZE4I8g"},"videoId":"N88K0MCL9Vc","textDisplay":"How How的出了哦快去看！！！<br />聽說囧星人是壓軸哈哈哈哈","textOriginal":"How How的出了哦快去看！！！\n聽說囧星人是壓軸哈哈哈哈","parentId":"z13eibbp5v3lfvgmd22pypghypvlixgna","canRate":true,"viewerRating":"none","likeCount":6,"publishedAt":"2017-07-28T12:50:11.000Z","updatedAt":"2017-07-28T12:50:11.000Z"}},{"kind":"youtube#comment","etag":"\"ld9biNPKjAjgjV7EZ4EKeEGrhao/fzevkiDAEcY9WNor3Kj8FdhW6IY\"","id":"z13eibbp5v3lfvgmd22pypghypvlixgna.1501144613661476","snippet":{"authorDisplayName":"Abby","authorProfileImageUrl":"https://yt3.ggpht.com/-4UEPpOLszMQ/AAAAAAAAAAI/AAAAAAAAAAA/FfrptFI_J14/s28-c-k-no-mo-rj-c0xffffff/photo.jpg","authorChannelUrl":"http://www.youtube.com/channel/UC6ORADG-B1MABd3GnJolugQ","authorChannelId":{"value":"UC6ORADG-B1MABd3GnJolugQ"},"videoId":"N88K0MCL9Vc","textDisplay":"期待HowHow跟柯P的火花😂😂😂😂😂","textOriginal":"期待HowHow跟柯P的火花😂😂😂😂😂","parentId":"z13eibbp5v3lfvgmd22pypghypvlixgna","canRate":true,"viewerRating":"none","likeCount":11,"publishedAt":"2017-07-27T08:36:53.000Z","updatedAt":"2017-07-27T08:36:53.000Z"}}]}},{"kind":"youtube#commentThread","etag":"\"ld9biNPKjAjgjV7EZ4EKeEGrhao/ykzvSrrgYgAVMZmB22xt2hdq-Ug\"","id":"z12cdhir3rj1e12dv23xtzsj2r3fzdp3w","snippet":{"videoId":"N88K0MCL9Vc","topLevelComment":{"kind":"youtube#comment","etag":"\"ld9biNPKjAjgjV7EZ4EKeEGrhao/u8_e0rk4dWV1TWRmToSSb9rSI8A\"","id":"z12cdhir3rj1e12dv23xtzsj2r3fzdp3w","snippet":{"authorDisplayName":"lon_lon 龍龍","authorProfileImageUrl":"https://yt3.ggpht.com/-8inkBUUWWq8/AAAAAAAAAAI/AAAAAAAAAAA/zJsWPvNWnAA/s28-c-k-no-mo-rj-c0xffffff/photo.jpg","authorChannelUrl":"http://www.youtube.com/channel/UC_NsUMnuAUdbBhkIcoBX0Vg","authorChannelId":{"value":"UC_NsUMnuAUdbBhkIcoBX0Vg"},"videoId":"N88K0MCL9Vc","textDisplay":"WhaT!!!!!!!!!:[","textOriginal":"WhaT!!!!!!!!!:[","canRate":true,"viewerRating":"none","likeCount":0,"publishedAt":"2017-07-26T12:00:50.000Z","updatedAt":"2017-07-26T12:00:50.000Z"}},"canReply":true,"totalReplyCount":0,"isPublic":true}},{"kind":"youtube#commentThread","etag":"\"ld9biNPKjAjgjV7EZ4EKeEGrhao/f6s5o_LzU8EIU56itUvyzutnXBs\"","id":"z13pipyptwm5v5hhj04ch1bi1ne4gdzoi3c","snippet":{"videoId":"N88K0MCL9Vc","topLevelComment":{"kind":"youtube#comment","etag":"\"ld9biNPKjAjgjV7EZ4EKeEGrhao/UwnD0RObeECoYvXyukJ0ns_JCdE\"","id":"z13pipyptwm5v5hhj04ch1bi1ne4gdzoi3c","snippet":{"authorDisplayName":"黃柏鈞","authorProfileImageUrl":"https://yt3.ggpht.com/-PVayEtBdSB4/AAAAAAAAAAI/AAAAAAAAAAA/RaD1kPqkrpA/s28-c-k-no-mo-rj-c0xffffff/photo.jpg","authorChannelUrl":"http://www.youtube.com/channel/UC4bpiF2jC6v6nqnpsgFzV2A","authorChannelId":{"value":"UC4bpiF2jC6v6nqnpsgFzV2A"},"videoId":"N88K0MCL9Vc","textDisplay":"哲哲鞋wwwwwwwwww","textOriginal":"哲哲鞋wwwwwwwwww","canRate":true,"viewerRating":"none","likeCount":193,"publishedAt":"2017-07-26T12:00:44.000Z","updatedAt":"2017-07-26T12:00:44.000Z"}},"canReply":true,"totalReplyCount":0,"isPublic":true}},{"kind":"youtube#commentThread","etag":"\"ld9biNPKjAjgjV7EZ4EKeEGrhao/y8aDoQ9WxnmE1SUX8rbTWoun5UU\"","id":"z12csvop0xb2shnn022gehn4ouj0frefb","snippet":{"videoId":"N88K0MCL9Vc","topLevelComment":{"kind":"youtube#comment","etag":"\"ld9biNPKjAjgjV7EZ4EKeEGrhao/upH_uhnbmF1ij5nSmJdcAaRtsmA\"","id":"z12csvop0xb2shnn022gehn4ouj0frefb","snippet":{"authorDisplayName":"SimoneLittleMan","authorProfileImageUrl":"https://yt3.ggpht.com/-gAosP5jVLxY/AAAAAAAAAAI/AAAAAAAAAAA/zrh86s7ukcM/s28-c-k-no-mo-rj-c0xffffff/photo.jpg","authorChannelUrl":"http://www.youtube.com/channel/UCKzJ7FQGfwCBxI5DMBCiDag","authorChannelId":{"value":"UCKzJ7FQGfwCBxI5DMBCiDag"},"videoId":"N88K0MCL9Vc","textDisplay":"哲哲鞋哈哈哈哈<br />這是繼阿哲後柯市長新藝名嗎xDD","textOriginal":"哲哲鞋哈哈哈哈\n這是繼阿哲後柯市長新藝名嗎xDD","canRate":true,"viewerRating":"none","likeCount":718,"publishedAt":"2017-07-26T12:00:42.000Z","updatedAt":"2017-07-26T12:00:42.000Z"}},"canReply":true,"totalReplyCount":2,"isPublic":true},"replies":{"comments":[{"kind":"youtube#comment","etag":"\"ld9biNPKjAjgjV7EZ4EKeEGrhao/iQ1L68hr6Z370XtfjgrbfVTqapU\"","id":"z12csvop0xb2shnn022gehn4ouj0frefb.1501125375202725","snippet":{"authorDisplayName":"Hibiya Hiyori 和","authorProfileImageUrl":"https://yt3.ggpht.com/-Chio4pzkgUI/AAAAAAAAAAI/AAAAAAAAAAA/Ag8HxT_Gzs8/s28-c-k-no-mo-rj-c0xffffff/photo.jpg","authorChannelUrl":"http://www.youtube.com/channel/UCvWvuVvPBNsIxcq9GbFm-mg","authorChannelId":{"value":"UCvWvuVvPBNsIxcq9GbFm-mg"},"videoId":"N88K0MCL9Vc","textDisplay":"恩恩 加油","textOriginal":"恩恩 加油","parentId":"z12csvop0xb2shnn022gehn4ouj0frefb","canRate":true,"viewerRating":"none","likeCount":1,"publishedAt":"2017-07-27T03:16:15.000Z","updatedAt":"2017-07-27T03:16:15.000Z"}},{"kind":"youtube#comment","etag":"\"ld9biNPKjAjgjV7EZ4EKeEGrhao/d1xV8qNTC9zIj9q4uFAEAa2tBvQ\"","id":"z12csvop0xb2shnn022gehn4ouj0frefb.1501074526199273","snippet":{"authorDisplayName":"洋芋片 【Jerry Yang 】","authorProfileImageUrl":"https://yt3.ggpht.com/-n8nDFmYINNg/AAAAAAAAAAI/AAAAAAAAAAA/euHJKFRAA7I/s28-c-k-no-mo-rj-c0xffffff/photo.jpg","authorChannelUrl":"http://www.youtube.com/channel/UCm6ABrEJtbu3z5YXRvJRx-g","authorChannelId":{"value":"UCm6ABrEJtbu3z5YXRvJRx-g"},"videoId":"N88K0MCL9Vc","textDisplay":"www 野生～～Slimne😱😱😱<br />有看大大的影片！加油呀大大！","textOriginal":"www 野生～～Slimne😱😱😱\n有看大大的影片！加油呀大大！","parentId":"z12csvop0xb2shnn022gehn4ouj0frefb","canRate":true,"viewerRating":"none","likeCount":0,"publishedAt":"2017-07-26T13:08:46.000Z","updatedAt":"2017-07-26T13:08:46.000Z"}}]}},{"kind":"youtube#commentThread","etag":"\"ld9biNPKjAjgjV7EZ4EKeEGrhao/8K2ZuqTLks9Egy2rhjeZ1Tzkwl0\"","id":"z13yvl0bvlu4vf0ok04cjbtyer25dn1xi1c","snippet":{"videoId":"N88K0MCL9Vc","topLevelComment":{"kind":"youtube#comment","etag":"\"ld9biNPKjAjgjV7EZ4EKeEGrhao/NSFrBTYH-D7qZpZz9cCVXJ86CAM\"","id":"z13yvl0bvlu4vf0ok04cjbtyer25dn1xi1c","snippet":{"authorDisplayName":"AS Mech","authorProfileImageUrl":"https://yt3.ggpht.com/-VM3b1Oi6KIs/AAAAAAAAAAI/AAAAAAAAAAA/2xRZNYtkIMU/s28-c-k-no-mo-rj-c0xffffff/photo.jpg","authorChannelUrl":"http://www.youtube.com/channel/UC4LLV2ChvlTUo8oL6Fqz6vg","authorChannelId":{"value":"UC4LLV2ChvlTUo8oL6Fqz6vg"},"videoId":"N88K0MCL9Vc","textDisplay":"頭","textOriginal":"頭","canRate":true,"viewerRating":"none","likeCount":0,"publishedAt":"2017-07-26T12:00:30.000Z","updatedAt":"2017-07-26T12:00:30.000Z"}},"canReply":true,"totalReplyCount":0,"isPublic":true}},{"kind":"youtube#commentThread","etag":"\"ld9biNPKjAjgjV7EZ4EKeEGrhao/lt1Ay2MixWnq00d50a2SOAUVeUI\"","id":"z12zef2bywbgfdan523sylrx0pzmtf2wy04","snippet":{"videoId":"N88K0MCL9Vc","topLevelComment":{"kind":"youtube#comment","etag":"\"ld9biNPKjAjgjV7EZ4EKeEGrhao/zy9RlbGJgQ3G6ppXtFfVAA_LTI4\"","id":"z12zef2bywbgfdan523sylrx0pzmtf2wy04","snippet":{"authorDisplayName":"lo 連","authorProfileImageUrl":"https://yt3.ggpht.com/-c36FBB-fxE4/AAAAAAAAAAI/AAAAAAAAAAA/IIZDYW2Sbdk/s28-c-k-no-mo-rj-c0xffffff/photo.jpg","authorChannelUrl":"http://www.youtube.com/channel/UCGYSdJ3m3qBDE-IUsgT2rIQ","authorChannelId":{"value":"UCGYSdJ3m3qBDE-IUsgT2rIQ"},"videoId":"N88K0MCL9Vc","textDisplay":"搶頭香  科P太可愛了","textOriginal":"搶頭香  科P太可愛了","canRate":true,"viewerRating":"none","likeCount":0,"publishedAt":"2017-07-26T12:00:28.000Z","updatedAt":"2017-07-26T12:00:28.000Z"}},"canReply":true,"totalReplyCount":0,"isPublic":true}},{"kind":"youtube#commentThread","etag":"\"ld9biNPKjAjgjV7EZ4EKeEGrhao/pOv9qZ3P2YMnUyLuvxXVNRQT_gg\"","id":"z12zcb55nubgj5rln230gb4afpy3vvomd","snippet":{"videoId":"N88K0MCL9Vc","topLevelComment":{"kind":"youtube#comment","etag":"\"ld9biNPKjAjgjV7EZ4EKeEGrhao/FmWCV_SrHGP2XxsiwuU8d82xWhY\"","id":"z12zcb55nubgj5rln230gb4afpy3vvomd","snippet":{"authorDisplayName":"妍晴王","authorProfileImageUrl":"https://yt3.ggpht.com/-DD5nzpaD3AE/AAAAAAAAAAI/AAAAAAAAAAA/fwkTYkVn89A/s28-c-k-no-mo-rj-c0xffffff/photo.jpg","authorChannelUrl":"http://www.youtube.com/channel/UCs4gQ473kfvBH29aksFZtIQ","authorChannelId":{"value":"UCs4gQ473kfvBH29aksFZtIQ"},"videoId":"N88K0MCL9Vc","textDisplay":"哈哈哈哈哈哈","textOriginal":"哈哈哈哈哈哈","canRate":true,"viewerRating":"none","likeCount":1,"publishedAt":"2017-07-26T12:00:24.000Z","updatedAt":"2017-07-26T12:00:24.000Z"}},"canReply":true,"totalReplyCount":0,"isPublic":true}},{"kind":"youtube#commentThread","etag":"\"ld9biNPKjAjgjV7EZ4EKeEGrhao/zgLH6S_Trr-jK58HtjgVXdtfuLY\"","id":"z13etd1aqwraynugd04cfjhgikvcizlyfwk0k","snippet":{"videoId":"N88K0MCL9Vc","topLevelComment":{"kind":"youtube#comment","etag":"\"ld9biNPKjAjgjV7EZ4EKeEGrhao/qeRzq8c9x0dyvF1kIh_gJiiTp6g\"","id":"z13etd1aqwraynugd04cfjhgikvcizlyfwk0k","snippet":{"authorDisplayName":"Bailey Tuuu","authorProfileImageUrl":"https://yt3.ggpht.com/--c2rx9TmZSo/AAAAAAAAAAI/AAAAAAAAAAA/Q_-rhs19ZAg/s28-c-k-no-mo-rj-c0xffffff/photo.jpg","authorChannelUrl":"http://www.youtube.com/channel/UCuLfywvZk_X1qoT2DjmIrHA","authorChannelId":{"value":"UCuLfywvZk_X1qoT2DjmIrHA"},"videoId":"N88K0MCL9Vc","textDisplay":"哲哲鞋XDDDD","textOriginal":"哲哲鞋XDDDD","canRate":true,"viewerRating":"none","likeCount":8,"publishedAt":"2017-07-26T12:00:24.000Z","updatedAt":"2017-07-26T12:00:24.000Z"}},"canReply":true,"totalReplyCount":0,"isPublic":true}},{"kind":"youtube#commentThread","etag":"\"ld9biNPKjAjgjV7EZ4EKeEGrhao/j7R-EdF9f-unbWk_LuyeahwuacI\"","id":"z13xwtna2viajtbtv22iz15pnm2xjh2jc04","snippet":{"videoId":"N88K0MCL9Vc","topLevelComment":{"kind":"youtube#comment","etag":"\"ld9biNPKjAjgjV7EZ4EKeEGrhao/_BBaEn-BvCDFgZyaxwLzJNmtMNU\"","id":"z13xwtna2viajtbtv22iz15pnm2xjh2jc04","snippet":{"authorDisplayName":"Ginger Chang","authorProfileImageUrl":"https://yt3.ggpht.com/-D4dlV2DxVtQ/AAAAAAAAAAI/AAAAAAAAAAA/GAYX0r-y6QY/s28-c-k-no-mo-rj-c0xffffff/photo.jpg","authorChannelUrl":"http://www.youtube.com/channel/UCbuE1CCPGyyrCDUUnQzM1vg","authorChannelId":{"value":"UCbuE1CCPGyyrCDUUnQzM1vg"},"videoId":"N88K0MCL9Vc","textDisplay":"哲哲鞋XDD","textOriginal":"哲哲鞋XDD","canRate":true,"viewerRating":"none","likeCount":34,"publishedAt":"2017-07-26T12:00:17.000Z","updatedAt":"2017-07-26T12:00:17.000Z"}},"canReply":true,"totalReplyCount":0,"isPublic":true}},{"kind":"youtube#commentThread","etag":"\"ld9biNPKjAjgjV7EZ4EKeEGrhao/nc-ckxygilmMC-pf4CoEMHajezs\"","id":"z12bg3bgkmnpjnz4z04cedwbnuvzfbwjid0","snippet":{"videoId":"N88K0MCL9Vc","topLevelComment":{"kind":"youtube#comment","etag":"\"ld9biNPKjAjgjV7EZ4EKeEGrhao/JYRvdQio3WF07ozZZW7kV42gKG4\"","id":"z12bg3bgkmnpjnz4z04cedwbnuvzfbwjid0","snippet":{"authorDisplayName":"鏡月影","authorProfileImageUrl":"https://yt3.ggpht.com/-eP-V2vwbtRY/AAAAAAAAAAI/AAAAAAAAAAA/p8R9o9Kzt3g/s28-c-k-no-mo-rj-c0xffffff/photo.jpg","authorChannelUrl":"http://www.youtube.com/channel/UCqJkuu-adVffDaYYt47J2rg","authorChannelId":{"value":"UCqJkuu-adVffDaYYt47J2rg"},"videoId":"N88K0MCL9Vc","textDisplay":"頭香 (?)","textOriginal":"頭香 (?)","canRate":true,"viewerRating":"none","likeCount":0,"publishedAt":"2017-07-26T12:00:16.000Z","updatedAt":"2017-07-26T12:00:16.000Z"}},"canReply":true,"totalReplyCount":0,"isPublic":true}},{"kind":"youtube#commentThread","etag":"\"ld9biNPKjAjgjV7EZ4EKeEGrhao/-SKN3ywcer0dxQ2534YuLEPs38M\"","id":"z12hh1rqnle1wds5y04ci3r51wqadzdxomw0k","snippet":{"videoId":"N88K0MCL9Vc","topLevelComment":{"kind":"youtube#comment","etag":"\"ld9biNPKjAjgjV7EZ4EKeEGrhao/zYHNuEICmRiYzHTssrU5ySkSyAI\"","id":"z12hh1rqnle1wds5y04ci3r51wqadzdxomw0k","snippet":{"authorDisplayName":"廖勁霖","authorProfileImageUrl":"https://yt3.ggpht.com/-ppfna0vm8ik/AAAAAAAAAAI/AAAAAAAAAAA/iOuaPjiPAAE/s28-c-k-no-mo-rj-c0xffffff/photo.jpg","authorChannelUrl":"http://www.youtube.com/channel/UCsNbCi3EiXf-0Hian64si4Q","authorChannelId":{"value":"UCsNbCi3EiXf-0Hian64si4Q"},"videoId":"N88K0MCL9Vc","textDisplay":"頭香","textOriginal":"頭香","canRate":true,"viewerRating":"none","likeCount":0,"publishedAt":"2017-07-26T12:00:15.000Z","updatedAt":"2017-07-26T12:00:15.000Z"}},"canReply":true,"totalReplyCount":0,"isPublic":true}},{"kind":"youtube#commentThread","etag":"\"ld9biNPKjAjgjV7EZ4EKeEGrhao/JgKfqJi_pJWoClcKfKdcmM6owwE\"","id":"z12wffkj2qulhr1qh04ccbkg3yngtlyqzps0k","snippet":{"videoId":"N88K0MCL9Vc","topLevelComment":{"kind":"youtube#comment","etag":"\"ld9biNPKjAjgjV7EZ4EKeEGrhao/DCyuwL-H6Tu4Pw0msGFHQajhnLg\"","id":"z12wffkj2qulhr1qh04ccbkg3yngtlyqzps0k","snippet":{"authorDisplayName":"Matthew Hui","authorProfileImageUrl":"https://yt3.ggpht.com/-7NLRd3vxYKI/AAAAAAAAAAI/AAAAAAAAAAA/GRb0R1k-_G4/s28-c-k-no-mo-rj-c0xffffff/photo.jpg","authorChannelUrl":"http://www.youtube.com/channel/UCpjL9riIKDpcFxb2boaD3hA","authorChannelId":{"value":"UCpjL9riIKDpcFxb2boaD3hA"},"videoId":"N88K0MCL9Vc","textDisplay":"頭","textOriginal":"頭","canRate":true,"viewerRating":"none","likeCount":0,"publishedAt":"2017-07-26T12:00:11.000Z","updatedAt":"2017-07-26T12:00:11.000Z"}},"canReply":true,"totalReplyCount":0,"isPublic":true}},{"kind":"youtube#commentThread","etag":"\"ld9biNPKjAjgjV7EZ4EKeEGrhao/-ILUJ9d_T4epVkF-ph-o-_MZv60\"","id":"z13lv1nbnkypt5ynw22mcjcagk2bi52nk","snippet":{"videoId":"N88K0MCL9Vc","topLevelComment":{"kind":"youtube#comment","etag":"\"ld9biNPKjAjgjV7EZ4EKeEGrhao/mD50goa-JOytsqo6rIlxCkp9c6Y\"","id":"z13lv1nbnkypt5ynw22mcjcagk2bi52nk","snippet":{"authorDisplayName":"KaKao KaKao","authorProfileImageUrl":"https://yt3.ggpht.com/-PGzSSxYqs_4/AAAAAAAAAAI/AAAAAAAAAAA/qr7jemCMgNI/s28-c-k-no-mo-rj-c0xffffff/photo.jpg","authorChannelUrl":"http://www.youtube.com/channel/UCeAtEpEOY5ksCru8PU8IIuw","authorChannelId":{"value":"UCeAtEpEOY5ksCru8PU8IIuw"},"videoId":"N88K0MCL9Vc","textDisplay":"看個影片壓壓驚","textOriginal":"看個影片壓壓驚","canRate":true,"viewerRating":"none","likeCount":0,"publishedAt":"2017-07-26T11:59:56.000Z","updatedAt":"2017-07-26T11:59:56.000Z"}},"canReply":true,"totalReplyCount":0,"isPublic":true}}]}