{"kind":"youtube#commentThreadListResponse","etag":"\"ld9biNPKjAjgjV7EZ4EKeEGrhao/0kboZ_RGYx_h54_WQ6SLpkCeQjU\"","pageInfo":{"totalResults":8,"resultsPerPage":100},"items":[{"kind":"youtube#commentThread","etag":"\"ld9biNPKjAjgjV7EZ4EKeEGrhao/dXOkY4NHOlueB-PjDUlSW91zjtc\"","id":"z12kurcozsuuen3kl22qxpnjzlf5c3v04","snippet":{"videoId":"b7cMcbDgxnc","topLevelComment":{"kind":"youtube#comment","etag":"\"ld9biNPKjAjgjV7EZ4EKeEGrhao/_SO75xXfSsl-UjlQapqRH62L4dA\"","id":"z12kurcozsuuen3kl22qxpnjzlf5c3v04","snippet":{"authorDisplayName":"野格","authorProfileImageUrl":"https://yt3.ggpht.com/-2C6aVIARuuM/AAAAAAAAAAI/AAAAAAAAAAA/BA6I7P4tQ3s/s28-c-k-no-mo-rj-c0xffffff/photo.jpg","authorChannelUrl":"http://www.youtube.com/channel/UCDbC9r0n0ISTbwtE58nkATA","authorChannelId":{"value":"UCDbC9r0n0ISTbwtE58nkATA"},"videoId":"b7cMcbDgxnc","textDisplay":"叭叭 柯p下台","textOriginal":"叭叭 柯p下台","canRate":true,"viewerRating":"none","likeCount":0,"publishedAt":"2017-07-25T09:41:38.000Z","updatedAt":"2017-07-25T09:41:38.000Z"}},"canReply":true,"totalReplyCount":0,"isPublic":true}},{"kind":"youtube#commentThread","etag":"\"ld9biNPKjAjgjV7EZ4EKeEGrhao/8LLT34Y40zc3_nAHxQYQnxb6t30\"","id":"z13hz15gsymhjbvx104cjh1gorrnijni3sk0k","snippet":{"videoId":"b7cMcbDgxnc","topLevelComment":{"kind":"youtube#comment","etag":"\"ld9biNPKjAjgjV7EZ4EKeEGrhao/wJyLzVNTLoHejIWUo7NCaMXVrn0\"","id":"z13hz15gsymhjbvx104cjh1gorrnijni3sk0k","snippet":{"authorDisplayName":"evan evan","authorProfileImageUrl":"https://yt3.ggpht.com/-1rzNC0e7gyU/AAAAAAAAAAI/AAAAAAAAAAA/d1dWWbbtzZA/s28-c-k-no-mo-rj-c0xffffff/photo.jpg","authorChannelUrl":"http://www.youtube.com/channel/UCHIZPZFFGuqh_kklhQ4vxhw","authorChannelId":{"value":"UCHIZPZFFGuqh_kklhQ4vxhw"},"videoId":"b7cMcbDgxnc","textDisplay":"哎呦屌打","textOriginal":"哎呦屌打","canRate":true,"viewerRating":"none","likeCount":1,"publishedAt":"2017-07-25T09:41:24.000Z","updatedAt":"2017-07-25T09:41:24.000Z"}},"canReply":true,"totalReplyCount":0,"isPublic":true}},{"kind":"youtube#commentThread","etag":"\"ld9biNPKjAjgjV7EZ4EKeEGrhao/VD-x8Mmr-4Dss7iAy2GwjkuUxDU\"","id":"z123hnpojrboxtj3d23ij14ibmflxvubn04","snippet":{"videoId":"b7cMcbDgxnc","topLevelComment":{"kind":"youtube#comment","etag":"\"ld9biNPKjAjgjV7EZ4EKeEGrhao/mS1xPl0gqB2TXWSiOVupux3Rw6k\"","id":"z123hnpojrboxtj3d23ij14ibmflxvubn04","snippet":{"authorDisplayName":"阿信仔","authorProfileImageUrl":"https://yt3.ggpht.com/-9HamSwmNCaA/AAAAAAAAAAI/AAAAAAAAAAA/N-R3YOrXTkQ/s28-c-k-no-mo-rj-c0xffffff/photo.jpg","authorChannelUrl":"http://www.youtube.com/channel/UC2DRzuuuqBtgAx6MKjZvDVQ","authorChannelId":{"value":"UC2DRzuuuqBtgAx6MKjZvDVQ"},"videoId":"b7cMcbDgxnc","textDisplay":"佔","textOriginal":"佔","canRate":true,"viewerRating":"none","likeCount":0,"publishedAt":"2017-07-25T09:41:22.000Z","updatedAt":"2017-07-25T09:41:22.000Z"}},"canReply":true,"totalReplyCount":0,"isPublic":true}},{"kind":"youtube#commentThread","etag":"\"ld9biNPKjAjgjV7EZ4EKeEGrhao/BEoTn7Weyl9q2e9ZSus8s7tRgDM\"","id":"z13wtvj5bnq2d5hr404ccjl4lmnpclor0gg","snippet":{"videoId":"b7cMcbDgxnc","topLevelComment":{"kind":"youtube#comment","etag":"\"ld9biNPKjAjgjV7EZ4EKeEGrhao/MpEDoqU19o1660zXZHn0Ss4MO80\"","id":"z13wtvj5bnq2d5hr404ccjl4lmnpclor0gg","snippet":{"authorDisplayName":"文山金城武","authorProfileImageUrl":"https://yt3.ggpht.com/-LRJDTPbTQ4A/AAAAAAAAAAI/AAAAAAAAAAA/R_ohyk5gEzY/s28-c-k-no-mo-rj-c0xffffff/photo.jpg","authorChannelUrl":"http://www.youtube.com/channel/UCoZzFSEcT1zcRa2bUm2EUYA","authorChannelId":{"value":"UCoZzFSEcT1zcRa2bUm2EUYA"},"videoId":"b7cMcbDgxnc","textDisplay":"未看先讚","textOriginal":"未看先讚","canRate":true,"viewerRating":"none","likeCount":0,"publishedAt":"2017-07-25T09:41:21.000Z","updatedAt":"2017-07-25T09:41:21.000Z"}},"canReply":true,"totalReplyCount":0,"isPublic":true}},{"kind":"youtube#commentThread","etag":"\"ld9biNPKjAjgjV7EZ4EKeEGrhao/1-V_Kgh05psO0uLi8ctHSYK6IDY\"","id":"z133jfm5imjvdldsb23lhn2oesepznqxt04","snippet":{"videoId":"b7cMcbDgxnc","topLevelComment":{"kind":"youtube#comment","etag":"\"ld9biNPKjAjgjV7EZ4EKeEGrhao/SIdRvQx_LjK7kTCK9vRFwR7Q57w\"","id":"z133jfm5imjvdldsb23lhn2oesepznqxt04","snippet":{"authorDisplayName":"張晶晶","authorProfileImageUrl":"https://yt3.ggpht.com/-YouSlR6Ihu8/AAAAAAAAAAI/AAAAAAAAAAA/6ginL9MTh5g/s28-c-k-no-mo-rj-c0xffffff/photo.jpg","authorChannelUrl":"http://www.youtube.com/channel/UCmbzpiRiHKzQBB1Nfs1lCMQ","authorChannelId":{"value":"UCmbzpiRiHKzQBB1Nfs1lCMQ"},"videoId":"b7cMcbDgxnc","textDisplay":"未看先按<br />值得尊敬，用生命拍片，在柯p面前電奶頭","textOriginal":"未看先按\n值得尊敬，用生命拍片，在柯p面前電奶頭","canRate":true,"viewerRating":"none","likeCount":1,"publishedAt":"2017-07-25T09:41:19.000Z","updatedAt":"2017-07-25T09:48:43.000Z"}},"canReply":true,"totalReplyCount":0,"isPublic":true}},{"kind":"youtube#commentThread","etag":"\"ld9biNPKjAjgjV7EZ4EKeEGrhao/uLeR8FNAdrbb6WMqyWpPMIYgENc\"","id":"z13jhb0z2zqbd35ln22ghdurgtm5ef3aw04","snippet":{"videoId":"b7cMcbDgxnc","topLevelComment":{"kind":"youtube#comment","etag":"\"ld9biNPKjAjgjV7EZ4EKeEGrhao/XG9ATDY6QpPQ7UyHt2fUp5Na2Kw\"","id":"z13jhb0z2zqbd35ln22ghdurgtm5ef3aw04","snippet":{"authorDisplayName":"CoCo Cola 書晴","authorProfileImageUrl":"https://yt3.ggpht.com/-h26oSK42t6w/AAAAAAAAAAI/AAAAAAAAAAA/dfCcTJ7waA8/s28-c-k-no-mo-rj-c0xffffff/photo.jpg","authorChannelUrl":"http://www.youtube.com/channel/UC0ee463XZdSnxnHebLm3WXQ","authorChannelId":{"value":"UC0ee463XZdSnxnHebLm3WXQ"},"videoId":"b7cMcbDgxnc","textDisplay":"👍👍👍","textOriginal":"👍👍👍","canRate":true,"viewerRating":"none","likeCount":0,"publishedAt":"2017-07-25T09:41:05.000Z","updatedAt":"2017-07-25T09:41:05.000Z"}},"canReply":true,"totalReplyCount":0,"isPublic":true}},{"kind":"youtube#commentThread","etag":"\"ld9biNPKjAjgjV7EZ4EKeEGrhao/m_FEDhi40UsoI6pq7wCVFf198S4\"","id":"z13ssr3yhyjkvvctr22eufvgfvftx1hwp04","snippet":{"videoId":"b7cMcbDgxnc","topLevelComment":{"kind":"youtube#comment","etag":"\"ld9biNPKjAjgjV7EZ4EKeEGrhao/m12xU_bRB7bY5U76E0rw2iDntXQ\"","id":"z13ssr3yhyjkvvctr22eufvgfvftx1hwp04","snippet":{"authorDisplayName":"詹子毅","authorProfileImageUrl":"https://yt3.ggpht.com/-7BLuqVr5OaU/AAAAAAAAAAI/AAAAAAAAAAA/Un6nQMDTJFM/s28-c-k-no-mo-rj-c0xffffff/photo.jpg","authorChannelUrl":"http://www.youtube.com/channel/UCBSOSMt_D05Fjx84_05-kfg","authorChannelId":{"value":"UCBSOSMt_D05Fjx84_05-kfg"},"videoId":"b7cMcbDgxnc","textDisplay":"1","textOriginal":"1","canRate":true,"viewerRating":"none","likeCount":1,"publishedAt":"2017-07-25T09:41:03.000Z","updatedAt":"2017-07-25T09:41:03.000Z"}},"canReply":true,"totalReplyCount":0,"isPublic":true}},{"kind":"youtube#commentThread","etag":"\"ld9biNPKjAjgjV7EZ4EKeEGrhao/yntG5cVIDw1A_qDiO8kGcOn8ofI\"","id":"z12rw5dh4zbqvtqwm04cfb3z3ruhg5mjnvo0k","snippet":{"videoId":"b7cMcbDgxnc","topLevelComment":{"kind":"youtube#comment","etag":"\"ld9biNPKjAjgjV7EZ4EKeEGrhao/nfEfdjwe8KXZgASMdMTEDpmP7Iw\"","id":"z12rw5dh4zbqvtqwm04cfb3z3ruhg5mjnvo0k","snippet":{"authorDisplayName":"林睿哲","authorProfileImageUrl":"https://yt3.ggpht.com/-bWwXEbUyxVk/AAAAAAAAAAI/AAAAAAAAAAA/i-b4F0P2HZQ/s28-c-k-no-mo-rj-c0xffffff/photo.jpg","authorChannelUrl":"http://www.youtube.com/channel/UCQCS3zDCPfQR-oGHVGzGCQg","authorChannelId":{"value":"UCQCS3zDCPfQR-oGHVGzGCQg"},"videoId":"b7cMcbDgxnc","textDisplay":"未看先讚","textOriginal":"未看先讚","canRate":true,"viewerRating":"none","likeCount":0,"publishedAt":"2017-07-25T09:40:59.000Z","updatedAt":"2017-07-25T09:40:59.000Z"}},"canReply":true,"totalReplyCount":0,"isPublic":true}}]}