{"kind":"youtube#commentThreadListResponse","etag":"\"ld9biNPKjAjgjV7EZ4EKeEGrhao/Bz5kYWc8u_5jcGIAn5tZfWX4sU4\"","pageInfo":{"totalResults":26,"resultsPerPage":100},"items":[{"kind":"youtube#commentThread","etag":"\"ld9biNPKjAjgjV7EZ4EKeEGrhao/PFzV5dDUwIPzjBXQgDZneup05TE\"","id":"z12kst4huwakybam022fefmrtufszxa13","snippet":{"videoId":"GiILtNnnU7M","topLevelComment":{"kind":"youtube#comment","etag":"\"ld9biNPKjAjgjV7EZ4EKeEGrhao/xSX0GK5b6ystK9Ot1qVBcS8BdAk\"","id":"z12kst4huwakybam022fefmrtufszxa13","snippet":{"authorDisplayName":"ZETA FERA","authorProfileImageUrl":"https://yt3.ggpht.com/-4aUzCypm5_c/AAAAAAAAAAI/AAAAAAAAAAA/nr9KsXHYrz4/s28-c-k-no-mo-rj-c0xffffff/photo.jpg","authorChannelUrl":"http://www.youtube.com/channel/UCNPc3iP4kMrNOSQK1mi7hqA","authorChannelId":{"value":"UCNPc3iP4kMrNOSQK1mi7hqA"},"videoId":"GiILtNnnU7M","textDisplay":"對  大家都猜HowHow","textOriginal":"對  大家都猜HowHow","canRate":true,"viewerRating":"none","likeCount":0,"publishedAt":"2017-07-27T11:45:41.000Z","updatedAt":"2017-07-27T11:45:41.000Z"}},"canReply":true,"totalReplyCount":0,"isPublic":true}},{"kind":"youtube#commentThread","etag":"\"ld9biNPKjAjgjV7EZ4EKeEGrhao/bRRDiNlTYDIu3ANfTrkqF7IjdzY\"","id":"z123yrabqzmhtr5r204cjrvpzubef54wku00k","snippet":{"videoId":"GiILtNnnU7M","topLevelComment":{"kind":"youtube#comment","etag":"\"ld9biNPKjAjgjV7EZ4EKeEGrhao/94kXJaChFcgB7B3jYQnrt0RZ7M4\"","id":"z123yrabqzmhtr5r204cjrvpzubef54wku00k","snippet":{"authorDisplayName":"陳德齡","authorProfileImageUrl":"https://yt3.ggpht.com/-Ulb_EaiIU_w/AAAAAAAAAAI/AAAAAAAAAAA/4pkJK-2IVBQ/s28-c-k-no-mo-rj-c0xffffff/photo.jpg","authorChannelUrl":"http://www.youtube.com/channel/UCW-J-sqN0dJqh4qfcuqR5Xg","authorChannelId":{"value":"UCW-J-sqN0dJqh4qfcuqR5Xg"},"videoId":"GiILtNnnU7M","textDisplay":"柯p你…………😂😂😂 <br />走路痛大大很帥喔😏😏","textOriginal":"柯p你…………😂😂😂 \n走路痛大大很帥喔😏😏","canRate":true,"viewerRating":"none","likeCount":0,"publishedAt":"2017-07-27T11:44:57.000Z","updatedAt":"2017-07-27T11:44:57.000Z"}},"canReply":true,"totalReplyCount":0,"isPublic":true}},{"kind":"youtube#commentThread","etag":"\"ld9biNPKjAjgjV7EZ4EKeEGrhao/wm-b1SNhmWp2qZ-__Bc7cK-RAhU\"","id":"z132vp0yennew5wgy04cjnfyjzrrhfeo1os0k","snippet":{"videoId":"GiILtNnnU7M","topLevelComment":{"kind":"youtube#comment","etag":"\"ld9biNPKjAjgjV7EZ4EKeEGrhao/jBm4VL2olVgS9xSFTG8loy9jYWY\"","id":"z132vp0yennew5wgy04cjnfyjzrrhfeo1os0k","snippet":{"authorDisplayName":"鈴奈","authorProfileImageUrl":"https://yt3.ggpht.com/-y2BNCaORmIk/AAAAAAAAAAI/AAAAAAAAAAA/S0P3hG15UAw/s28-c-k-no-mo-rj-c0xffffff/photo.jpg","authorChannelUrl":"http://www.youtube.com/channel/UCcw5WZWLLj1GqpetJ6MAxWg","authorChannelId":{"value":"UCcw5WZWLLj1GqpetJ6MAxWg"},"videoId":"GiILtNnnU7M","textDisplay":"所以我説那個拜託喵呢!","textOriginal":"所以我説那個拜託喵呢!","canRate":true,"viewerRating":"none","likeCount":0,"publishedAt":"2017-07-27T11:44:49.000Z","updatedAt":"2017-07-27T11:44:49.000Z"}},"canReply":true,"totalReplyCount":0,"isPublic":true}},{"kind":"youtube#commentThread","etag":"\"ld9biNPKjAjgjV7EZ4EKeEGrhao/mDz3w3Jdo0MWEmNVqH5gzpjoanI\"","id":"z12zcja4vommhhfgg04cgn4aupuqhtsxgq40k","snippet":{"videoId":"GiILtNnnU7M","topLevelComment":{"kind":"youtube#comment","etag":"\"ld9biNPKjAjgjV7EZ4EKeEGrhao/kQUOrgjGUI6cq8rhh-G_0Ji2tfk\"","id":"z12zcja4vommhhfgg04cgn4aupuqhtsxgq40k","snippet":{"authorDisplayName":"李宸","authorProfileImageUrl":"https://yt3.ggpht.com/-jQZN6xKMiyM/AAAAAAAAAAI/AAAAAAAAAAA/jOk759z5SI8/s28-c-k-no-mo-rj-c0xffffff/photo.jpg","authorChannelUrl":"http://www.youtube.com/channel/UCJXtdtsiOF7AllqOPQhnKGQ","authorChannelId":{"value":"UCJXtdtsiOF7AllqOPQhnKGQ"},"videoId":"GiILtNnnU7M","textDisplay":"好想要小木笛ww","textOriginal":"好想要小木笛ww","canRate":true,"viewerRating":"none","likeCount":0,"publishedAt":"2017-07-27T11:44:42.000Z","updatedAt":"2017-07-27T11:44:42.000Z"}},"canReply":true,"totalReplyCount":0,"isPublic":true}},{"kind":"youtube#commentThread","etag":"\"ld9biNPKjAjgjV7EZ4EKeEGrhao/MC51c6bs7Nm2Xf2e1NCak3l4fVA\"","id":"z13igx1ohy3uhbz5504cfllo1nfcffsjoic","snippet":{"videoId":"GiILtNnnU7M","topLevelComment":{"kind":"youtube#comment","etag":"\"ld9biNPKjAjgjV7EZ4EKeEGrhao/d1JsDgpbckv-_yO8rSP7_bBObN8\"","id":"z13igx1ohy3uhbz5504cfllo1nfcffsjoic","snippet":{"authorDisplayName":"Mark Jian","authorProfileImageUrl":"https://yt3.ggpht.com/-YSZHKrBOrc0/AAAAAAAAAAI/AAAAAAAAAAA/jO68jRWC_PI/s28-c-k-no-mo-rj-c0xffffff/photo.jpg","authorChannelUrl":"http://www.youtube.com/channel/UC2RlOkzmbUw3bU_zeu3nCpg","authorChannelId":{"value":"UC2RlOkzmbUw3bU_zeu3nCpg"},"videoId":"GiILtNnnU7M","textDisplay":"貓咪好可愛","textOriginal":"貓咪好可愛","canRate":true,"viewerRating":"none","likeCount":3,"publishedAt":"2017-07-27T11:44:31.000Z","updatedAt":"2017-07-27T11:44:31.000Z"}},"canReply":true,"totalReplyCount":0,"isPublic":true}},{"kind":"youtube#commentThread","etag":"\"ld9biNPKjAjgjV7EZ4EKeEGrhao/9C5dfJxkcFM0cOcEeXWMi2MnmRY\"","id":"z13azjfhnqq1srg3e23hsvi4hqvew3mrw04","snippet":{"videoId":"GiILtNnnU7M","topLevelComment":{"kind":"youtube#comment","etag":"\"ld9biNPKjAjgjV7EZ4EKeEGrhao/ABPsd3SSal_rucbviVzyXC1Vgjg\"","id":"z13azjfhnqq1srg3e23hsvi4hqvew3mrw04","snippet":{"authorDisplayName":"Poly Editable","authorProfileImageUrl":"https://yt3.ggpht.com/-xhq-9_RE8I4/AAAAAAAAAAI/AAAAAAAAAAA/Uro0Mz98zsA/s28-c-k-no-mo-rj-c0xffffff/photo.jpg","authorChannelUrl":"http://www.youtube.com/channel/UCaTZGp71paivdKHUOdHg9qA","authorChannelId":{"value":"UCaTZGp71paivdKHUOdHg9qA"},"videoId":"GiILtNnnU7M","textDisplay":"痛痛露臉!?沒差我只在意貓貓❤","textOriginal":"痛痛露臉!?沒差我只在意貓貓❤","canRate":true,"viewerRating":"none","likeCount":224,"publishedAt":"2017-07-27T11:43:57.000Z","updatedAt":"2017-07-27T11:43:57.000Z"}},"canReply":true,"totalReplyCount":1,"isPublic":true},"replies":{"comments":[{"kind":"youtube#comment","etag":"\"ld9biNPKjAjgjV7EZ4EKeEGrhao/dxC0RkEusxP515Lib1wl4Xkk_Wg\"","id":"z13azjfhnqq1srg3e23hsvi4hqvew3mrw04.1501155890964989","snippet":{"authorDisplayName":"前女友","authorProfileImageUrl":"https://yt3.ggpht.com/-jOl2-WgeXd0/AAAAAAAAAAI/AAAAAAAAAAA/wTSXbOR6bBs/s28-c-k-no-mo-rj-c0xffffff/photo.jpg","authorChannelUrl":"http://www.youtube.com/channel/UCcCzVepeF-52UI-LKabXGPA","authorChannelId":{"value":"UCcCzVepeF-52UI-LKabXGPA"},"videoId":"GiILtNnnU7M","textDisplay":"Poly Editable +1","textOriginal":"Poly Editable +1","parentId":"z13azjfhnqq1srg3e23hsvi4hqvew3mrw04","canRate":true,"viewerRating":"none","likeCount":1,"publishedAt":"2017-07-27T11:44:50.000Z","updatedAt":"2017-07-27T11:44:50.000Z"}}]}},{"kind":"youtube#commentThread","etag":"\"ld9biNPKjAjgjV7EZ4EKeEGrhao/aIM6q4ye69-OivVKtgCnZlWkA8o\"","id":"z13bhjtapnftd35u2234tdopyyvovn00u","snippet":{"videoId":"GiILtNnnU7M","topLevelComment":{"kind":"youtube#comment","etag":"\"ld9biNPKjAjgjV7EZ4EKeEGrhao/BzxTh6k1CxdPpr2dwNEl1SgZxuM\"","id":"z13bhjtapnftd35u2234tdopyyvovn00u","snippet":{"authorDisplayName":"黎白南","authorProfileImageUrl":"https://yt3.ggpht.com/-MJRfQd9YrVM/AAAAAAAAAAI/AAAAAAAAAAA/VlblCLWD9wA/s28-c-k-no-mo-rj-c0xffffff/photo.jpg","authorChannelUrl":"http://www.youtube.com/channel/UCX3sOa1qFW49_ngLPfDgEoA","authorChannelId":{"value":"UCX3sOa1qFW49_ngLPfDgEoA"},"videoId":"GiILtNnnU7M","textDisplay":"小柯柯好可愛","textOriginal":"小柯柯好可愛","canRate":true,"viewerRating":"none","likeCount":1,"publishedAt":"2017-07-27T11:43:50.000Z","updatedAt":"2017-07-27T11:43:50.000Z"}},"canReply":true,"totalReplyCount":0,"isPublic":true}},{"kind":"youtube#commentThread","etag":"\"ld9biNPKjAjgjV7EZ4EKeEGrhao/l-sMtEv9BUKJyvPJnxkeCVUPotk\"","id":"z13qgtgg4yyhytmui233tj2hpkvzdlwlm","snippet":{"videoId":"GiILtNnnU7M","topLevelComment":{"kind":"youtube#comment","etag":"\"ld9biNPKjAjgjV7EZ4EKeEGrhao/Q1wKdXFuytXgxtVo45jjN0rzkAY\"","id":"z13qgtgg4yyhytmui233tj2hpkvzdlwlm","snippet":{"authorDisplayName":"姚小恩","authorProfileImageUrl":"https://yt3.ggpht.com/-njMGMAiiwpM/AAAAAAAAAAI/AAAAAAAAAAA/8B9WChv6Dbw/s28-c-k-no-mo-rj-c0xffffff/photo.jpg","authorChannelUrl":"http://www.youtube.com/channel/UCDOYU6GRzMwEINgVG6kVrsA","authorChannelId":{"value":"UCDOYU6GRzMwEINgVG6kVrsA"},"videoId":"GiILtNnnU7M","textDisplay":"來去買票了啦！","textOriginal":"來去買票了啦！","canRate":true,"viewerRating":"none","likeCount":0,"publishedAt":"2017-07-27T11:43:43.000Z","updatedAt":"2017-07-27T11:43:43.000Z"}},"canReply":true,"totalReplyCount":0,"isPublic":true}},{"kind":"youtube#commentThread","etag":"\"ld9biNPKjAjgjV7EZ4EKeEGrhao/2iyGx01viaXzWAwP58PhWX_s9IQ\"","id":"z12aznwoyyibizrpr04cgpdasufvirqapxc0k","snippet":{"videoId":"GiILtNnnU7M","topLevelComment":{"kind":"youtube#comment","etag":"\"ld9biNPKjAjgjV7EZ4EKeEGrhao/PxuzjotD279x6dgpdFcJ64P5xh4\"","id":"z12aznwoyyibizrpr04cgpdasufvirqapxc0k","snippet":{"authorDisplayName":"Choyi Zhang","authorProfileImageUrl":"https://yt3.ggpht.com/-K0jhxIw3zI4/AAAAAAAAAAI/AAAAAAAAAAA/7TUlgVfUgy4/s28-c-k-no-mo-rj-c0xffffff/photo.jpg","authorChannelUrl":"http://www.youtube.com/channel/UCtbYMTSqZhW_zuAPCg1B2Wg","authorChannelId":{"value":"UCtbYMTSqZhW_zuAPCg1B2Wg"},"videoId":"GiILtNnnU7M","textDisplay":"痛痛大大，何時出大佛系列?我的拜託貓(敲碗筷","textOriginal":"痛痛大大，何時出大佛系列?我的拜託貓(敲碗筷","canRate":true,"viewerRating":"none","likeCount":0,"publishedAt":"2017-07-27T11:43:26.000Z","updatedAt":"2017-07-27T11:43:26.000Z"}},"canReply":true,"totalReplyCount":0,"isPublic":true}},{"kind":"youtube#commentThread","etag":"\"ld9biNPKjAjgjV7EZ4EKeEGrhao/03sRWRts6NB42JqPBYGbVGG3z1E\"","id":"z12fev0g0wjcephmg23rt3uxrov2g5w0y","snippet":{"videoId":"GiILtNnnU7M","topLevelComment":{"kind":"youtube#comment","etag":"\"ld9biNPKjAjgjV7EZ4EKeEGrhao/WVUZ6ReiHdSMfdl_erF--5ylVl4\"","id":"z12fev0g0wjcephmg23rt3uxrov2g5w0y","snippet":{"authorDisplayName":"霆凌","authorProfileImageUrl":"https://yt3.ggpht.com/-q6wlxXjv9O0/AAAAAAAAAAI/AAAAAAAAAAA/wzrulFUGr8k/s28-c-k-no-mo-rj-c0xffffff/photo.jpg","authorChannelUrl":"http://www.youtube.com/channel/UC_69QYNPKaFgB-LM1JE3S2Q","authorChannelId":{"value":"UC_69QYNPKaFgB-LM1JE3S2Q"},"videoId":"GiILtNnnU7M","textDisplay":"<b>痛哥好帥&lt;3</b>","textOriginal":"*痛哥好帥<3*","canRate":true,"viewerRating":"none","likeCount":51,"publishedAt":"2017-07-27T11:43:07.000Z","updatedAt":"2017-07-27T11:43:46.000Z"}},"canReply":true,"totalReplyCount":0,"isPublic":true}},{"kind":"youtube#commentThread","etag":"\"ld9biNPKjAjgjV7EZ4EKeEGrhao/qn9bJACM_a3TRwfS185zc1qCJ8w\"","id":"z13suv4qqki1fbaws04cgtlansn2jn0pnjc","snippet":{"videoId":"GiILtNnnU7M","topLevelComment":{"kind":"youtube#comment","etag":"\"ld9biNPKjAjgjV7EZ4EKeEGrhao/REQ64XAqxXuFtsL6STGpyRtUJyM\"","id":"z13suv4qqki1fbaws04cgtlansn2jn0pnjc","snippet":{"authorDisplayName":"狹處求生 L","authorProfileImageUrl":"https://yt3.ggpht.com/-cDsMdIePhO8/AAAAAAAAAAI/AAAAAAAAAAA/rwWWCKOJxEY/s28-c-k-no-mo-rj-c0xffffff/photo.jpg","authorChannelUrl":"http://www.youtube.com/channel/UCbesMh6-bmYDkZzPgZXbgow","authorChannelId":{"value":"UCbesMh6-bmYDkZzPgZXbgow"},"videoId":"GiILtNnnU7M","textDisplay":"讚讚","textOriginal":"讚讚","canRate":true,"viewerRating":"none","likeCount":0,"publishedAt":"2017-07-27T11:42:58.000Z","updatedAt":"2017-07-27T11:42:58.000Z"}},"canReply":true,"totalReplyCount":0,"isPublic":true}},{"kind":"youtube#commentThread","etag":"\"ld9biNPKjAjgjV7EZ4EKeEGrhao/6sBqYfcvtWuTgPSnVFn8_qHRIUA\"","id":"z13ier3xen20uvbcn22yybaztwelifqi104","snippet":{"videoId":"GiILtNnnU7M","topLevelComment":{"kind":"youtube#comment","etag":"\"ld9biNPKjAjgjV7EZ4EKeEGrhao/hiR8NoZN3uuM5gHVpBc1vLYoDoU\"","id":"z13ier3xen20uvbcn22yybaztwelifqi104","snippet":{"authorDisplayName":"Seven Lee 李七","authorProfileImageUrl":"https://yt3.ggpht.com/-uD8MUeSkPJ4/AAAAAAAAAAI/AAAAAAAAAAA/hMW11nB0osA/s28-c-k-no-mo-rj-c0xffffff/photo.jpg","authorChannelUrl":"http://www.youtube.com/channel/UC_WDPBr6HBiz5GFjg-_ku6w","authorChannelId":{"value":"UC_WDPBr6HBiz5GFjg-_ku6w"},"videoId":"GiILtNnnU7M","textDisplay":"走路痛露臉了，有點帥。老天爺這樣公平嗎","textOriginal":"走路痛露臉了，有點帥。老天爺這樣公平嗎","canRate":true,"viewerRating":"none","likeCount":0,"publishedAt":"2017-07-27T11:42:56.000Z","updatedAt":"2017-07-27T11:42:56.000Z"}},"canReply":true,"totalReplyCount":0,"isPublic":true}},{"kind":"youtube#commentThread","etag":"\"ld9biNPKjAjgjV7EZ4EKeEGrhao/JJGvQ4ie2U5BQQCiH-Rv7M7l43o\"","id":"z13vgdnafkjhgztyt04cebsalkybfxrysbk","snippet":{"videoId":"GiILtNnnU7M","topLevelComment":{"kind":"youtube#comment","etag":"\"ld9biNPKjAjgjV7EZ4EKeEGrhao/BUpWhYSqHOWEieDZrKHtUt5UV-8\"","id":"z13vgdnafkjhgztyt04cebsalkybfxrysbk","snippet":{"authorDisplayName":"張仁淞","authorProfileImageUrl":"https://yt3.ggpht.com/-lMK-phS7YPg/AAAAAAAAAAI/AAAAAAAAAAA/Z6zcILSOID8/s28-c-k-no-mo-rj-c0xffffff/photo.jpg","authorChannelUrl":"http://www.youtube.com/channel/UCIQay-6U1-7z9AedEFc82JQ","authorChannelId":{"value":"UCIQay-6U1-7z9AedEFc82JQ"},"videoId":"GiILtNnnU7M","textDisplay":"這次一定要分享呀","textOriginal":"這次一定要分享呀","canRate":true,"viewerRating":"none","likeCount":0,"publishedAt":"2017-07-27T11:42:30.000Z","updatedAt":"2017-07-27T11:42:30.000Z"}},"canReply":true,"totalReplyCount":0,"isPublic":true}},{"kind":"youtube#commentThread","etag":"\"ld9biNPKjAjgjV7EZ4EKeEGrhao/dbs2ySNftL2w_sPMpdmpM_nyegs\"","id":"z12udzvaboibsxvtp23ftl2ofnmbsnsvg","snippet":{"videoId":"GiILtNnnU7M","topLevelComment":{"kind":"youtube#comment","etag":"\"ld9biNPKjAjgjV7EZ4EKeEGrhao/apHlYR_BZeN2av1GiWiVRl65Cl0\"","id":"z12udzvaboibsxvtp23ftl2ofnmbsnsvg","snippet":{"authorDisplayName":"Sandy Min","authorProfileImageUrl":"https://yt3.ggpht.com/-EoMTzHBVnm4/AAAAAAAAAAI/AAAAAAAAAAA/mtc9XX93NwE/s28-c-k-no-mo-rj-c0xffffff/photo.jpg","authorChannelUrl":"http://www.youtube.com/channel/UClP_VCQhilVDJ2DfxzCIT3A","authorChannelId":{"value":"UClP_VCQhilVDJ2DfxzCIT3A"},"videoId":"GiILtNnnU7M","textDisplay":"阿哲全面進攻youtuber ","textOriginal":"阿哲全面進攻youtuber ","canRate":true,"viewerRating":"none","likeCount":27,"publishedAt":"2017-07-27T11:42:13.000Z","updatedAt":"2017-07-27T11:42:56.000Z"}},"canReply":true,"totalReplyCount":0,"isPublic":true}},{"kind":"youtube#commentThread","etag":"\"ld9biNPKjAjgjV7EZ4EKeEGrhao/NEy5Obk9KakMoqs4r1P8t2nXysg\"","id":"z12sullaytbmgx0qs04cgpbzeunnjjyzhxg0k","snippet":{"videoId":"GiILtNnnU7M","topLevelComment":{"kind":"youtube#comment","etag":"\"ld9biNPKjAjgjV7EZ4EKeEGrhao/gxxViPsZrakABCBHfW82UCHK9aQ\"","id":"z12sullaytbmgx0qs04cgpbzeunnjjyzhxg0k","snippet":{"authorDisplayName":"鶴之璋","authorProfileImageUrl":"https://yt3.ggpht.com/-cYqGsWoh6iM/AAAAAAAAAAI/AAAAAAAAAAA/pLTJ8IMeKtU/s28-c-k-no-mo-rj-c0xffffff/photo.jpg","authorChannelUrl":"http://www.youtube.com/channel/UCQvn_GkKdGS5By3_roR2szA","authorChannelId":{"value":"UCQvn_GkKdGS5By3_roR2szA"},"videoId":"GiILtNnnU7M","textDisplay":"笑到沒力","textOriginal":"笑到沒力","canRate":true,"viewerRating":"none","likeCount":0,"publishedAt":"2017-07-27T11:42:05.000Z","updatedAt":"2017-07-27T11:42:05.000Z"}},"canReply":true,"totalReplyCount":0,"isPublic":true}},{"kind":"youtube#commentThread","etag":"\"ld9biNPKjAjgjV7EZ4EKeEGrhao/sgs0sJezVWq_8X-pUXsVEdGY-Oo\"","id":"z125yrn4gpi0ydk0423zyljgnwabzpmim04","snippet":{"videoId":"GiILtNnnU7M","topLevelComment":{"kind":"youtube#comment","etag":"\"ld9biNPKjAjgjV7EZ4EKeEGrhao/FVaqABXkCgM7YJic4zMPr-OUXsE\"","id":"z125yrn4gpi0ydk0423zyljgnwabzpmim04","snippet":{"authorDisplayName":"Kouta Kazuraba","authorProfileImageUrl":"https://yt3.ggpht.com/-I5cZkLYAGo0/AAAAAAAAAAI/AAAAAAAAAAA/uvJcZHo8VEg/s28-c-k-no-mo-rj-c0xffffff/photo.jpg","authorChannelUrl":"http://www.youtube.com/channel/UCp6FQO9hw2f9-3RlIKleM9A","authorChannelId":{"value":"UCp6FQO9hw2f9-3RlIKleM9A"},"videoId":"GiILtNnnU7M","textDisplay":"該去買晚餐了...<br />喔喔喔喔喔是新影片耶","textOriginal":"該去買晚餐了...\n喔喔喔喔喔是新影片耶","canRate":true,"viewerRating":"none","likeCount":0,"publishedAt":"2017-07-27T11:41:47.000Z","updatedAt":"2017-07-27T11:41:47.000Z"}},"canReply":true,"totalReplyCount":0,"isPublic":true}},{"kind":"youtube#commentThread","etag":"\"ld9biNPKjAjgjV7EZ4EKeEGrhao/SRLNwzSnCawZgxtqwZxsQ5GqMcQ\"","id":"z13ksn5jgui0s10im04cexmhftmzwlwzldc","snippet":{"videoId":"GiILtNnnU7M","topLevelComment":{"kind":"youtube#comment","etag":"\"ld9biNPKjAjgjV7EZ4EKeEGrhao/zK1FYpNCvvcEgwQLPDX_sluKTzg\"","id":"z13ksn5jgui0s10im04cexmhftmzwlwzldc","snippet":{"authorDisplayName":"沈于皓","authorProfileImageUrl":"https://yt3.ggpht.com/-w-QB9bfsJec/AAAAAAAAAAI/AAAAAAAAAAA/nHUhVl5MW0E/s28-c-k-no-mo-rj-c0xffffff/photo.jpg","authorChannelUrl":"http://www.youtube.com/channel/UCEf9DxUCWM6ZUXeQFuNqaQg","authorChannelId":{"value":"UCEf9DxUCWM6ZUXeQFuNqaQg"},"videoId":"GiILtNnnU7M","textDisplay":"讚讚！","textOriginal":"讚讚！","canRate":true,"viewerRating":"none","likeCount":0,"publishedAt":"2017-07-27T11:41:35.000Z","updatedAt":"2017-07-27T11:41:35.000Z"}},"canReply":true,"totalReplyCount":0,"isPublic":true}},{"kind":"youtube#commentThread","etag":"\"ld9biNPKjAjgjV7EZ4EKeEGrhao/SBtWEbN7mpPeKAB-bTH7il-eu-Y\"","id":"z12lhxnxnxzqihxjt04cez2jnpb4e1iiinw0k","snippet":{"videoId":"GiILtNnnU7M","topLevelComment":{"kind":"youtube#comment","etag":"\"ld9biNPKjAjgjV7EZ4EKeEGrhao/xig6uyj3EKM82tcTgZ3Vu58hXGo\"","id":"z12lhxnxnxzqihxjt04cez2jnpb4e1iiinw0k","snippet":{"authorDisplayName":"chen chyang","authorProfileImageUrl":"https://yt3.ggpht.com/-w-RkCPz3TG8/AAAAAAAAAAI/AAAAAAAAAAA/pbtw_FRx_XU/s28-c-k-no-mo-rj-c0xffffff/photo.jpg","authorChannelUrl":"http://www.youtube.com/channel/UCo6R10EOSNjHeOoQ1xJ3v7A","authorChannelId":{"value":"UCo6R10EOSNjHeOoQ1xJ3v7A"},"videoId":"GiILtNnnU7M","textDisplay":"我到底念了甚麼XDD<br />這個太強啦~~~拜託抽我","textOriginal":"我到底念了甚麼XDD\n這個太強啦~~~拜託抽我","canRate":true,"viewerRating":"none","likeCount":0,"publishedAt":"2017-07-27T11:41:23.000Z","updatedAt":"2017-07-27T11:41:23.000Z"}},"canReply":true,"totalReplyCount":0,"isPublic":true}},{"kind":"youtube#commentThread","etag":"\"ld9biNPKjAjgjV7EZ4EKeEGrhao/kEpMF9ItWOo7cdD_i-rWbcqqSNw\"","id":"z12xdn3a1mzrj3hgz04cg33okmisgjb4wew","snippet":{"videoId":"GiILtNnnU7M","topLevelComment":{"kind":"youtube#comment","etag":"\"ld9biNPKjAjgjV7EZ4EKeEGrhao/U8nHADJ6dgbDXOVgqFyLY_kbizc\"","id":"z12xdn3a1mzrj3hgz04cg33okmisgjb4wew","snippet":{"authorDisplayName":"蔡哥","authorProfileImageUrl":"https://yt3.ggpht.com/-8jDWNnIhv14/AAAAAAAAAAI/AAAAAAAAAAA/h6VJwMHMDmQ/s28-c-k-no-mo-rj-c0xffffff/photo.jpg","authorChannelUrl":"http://www.youtube.com/channel/UCCSZ1P-Gas8IIgzXAwV0YFA","authorChannelId":{"value":"UCCSZ1P-Gas8IIgzXAwV0YFA"},"videoId":"GiILtNnnU7M","textDisplay":"哈哈哈哈哈太狂了吧","textOriginal":"哈哈哈哈哈太狂了吧","canRate":true,"viewerRating":"none","likeCount":0,"publishedAt":"2017-07-27T11:39:55.000Z","updatedAt":"2017-07-27T11:39:55.000Z"}},"canReply":true,"totalReplyCount":0,"isPublic":true}},{"kind":"youtube#commentThread","etag":"\"ld9biNPKjAjgjV7EZ4EKeEGrhao/h3mE2xye76MYagPbOEyJ6wdj0tY\"","id":"z12vhn5yry3hyvnv0235svfw4vnrtlfub","snippet":{"videoId":"GiILtNnnU7M","topLevelComment":{"kind":"youtube#comment","etag":"\"ld9biNPKjAjgjV7EZ4EKeEGrhao/wks93d2105wwNOe2WdbL0XJGDss\"","id":"z12vhn5yry3hyvnv0235svfw4vnrtlfub","snippet":{"authorDisplayName":"BeiBei Heyheyhey","authorProfileImageUrl":"https://yt3.ggpht.com/-tKOT3s3wXDA/AAAAAAAAAAI/AAAAAAAAAAA/iIuVHclt-48/s28-c-k-no-mo-rj-c0xffffff/photo.jpg","authorChannelUrl":"http://www.youtube.com/channel/UCdfeXzTTw_6QjgOi3M5Gkwg","authorChannelId":{"value":"UCdfeXzTTw_6QjgOi3M5Gkwg"},"videoId":"GiILtNnnU7M","textDisplay":"走路痛你真是個萌妹子（？","textOriginal":"走路痛你真是個萌妹子（？","canRate":true,"viewerRating":"none","likeCount":0,"publishedAt":"2017-07-27T11:38:03.000Z","updatedAt":"2017-07-27T11:38:03.000Z"}},"canReply":true,"totalReplyCount":0,"isPublic":true}},{"kind":"youtube#commentThread","etag":"\"ld9biNPKjAjgjV7EZ4EKeEGrhao/08N4eeejoSXQN5c4Xs1-2DgfEqk\"","id":"z12eixwqjmbhgnqdy22mg1dxvyekstb5o04","snippet":{"videoId":"GiILtNnnU7M","topLevelComment":{"kind":"youtube#comment","etag":"\"ld9biNPKjAjgjV7EZ4EKeEGrhao/eDyUZKE6g0by0mUgUxdx2UROvVI\"","id":"z12eixwqjmbhgnqdy22mg1dxvyekstb5o04","snippet":{"authorDisplayName":"cat black","authorProfileImageUrl":"https://yt3.ggpht.com/-1vTvkKbRDNo/AAAAAAAAAAI/AAAAAAAAAAA/YiDncJqVMIc/s28-c-k-no-mo-rj-c0xffffff/photo.jpg","authorChannelUrl":"http://www.youtube.com/channel/UCq87DtPPn-TUBbA3gPtI3_Q","authorChannelId":{"value":"UCq87DtPPn-TUBbA3gPtI3_Q"},"videoId":"GiILtNnnU7M","textDisplay":"聽見大佛不見佛","textOriginal":"聽見大佛不見佛","canRate":true,"viewerRating":"none","likeCount":0,"publishedAt":"2017-07-27T11:37:52.000Z","updatedAt":"2017-07-27T11:37:52.000Z"}},"canReply":true,"totalReplyCount":0,"isPublic":true}},{"kind":"youtube#commentThread","etag":"\"ld9biNPKjAjgjV7EZ4EKeEGrhao/vIXQNDJ1sfLEoFSrHM77o9e5mEY\"","id":"z12ejtxpvlyox31zm04cgt1wllyztxabvf4","snippet":{"videoId":"GiILtNnnU7M","topLevelComment":{"kind":"youtube#comment","etag":"\"ld9biNPKjAjgjV7EZ4EKeEGrhao/vPwERDfL3TxPvi0OG0kKTjq4koM\"","id":"z12ejtxpvlyox31zm04cgt1wllyztxabvf4","snippet":{"authorDisplayName":"鄭孟桓","authorProfileImageUrl":"https://yt3.ggpht.com/-o6Cb-VtEdFM/AAAAAAAAAAI/AAAAAAAAAAA/ttcBtE6FKTk/s28-c-k-no-mo-rj-c0xffffff/photo.jpg","authorChannelUrl":"http://www.youtube.com/channel/UCAPXujJDhsAmlbDjBlxw9jw","authorChannelId":{"value":"UCAPXujJDhsAmlbDjBlxw9jw"},"videoId":"GiILtNnnU7M","textDisplay":"柯P唸到崩潰也太好笑<br />PS這大概是從以前到現在露臉最久的影片了  感動...","textOriginal":"柯P唸到崩潰也太好笑\nPS這大概是從以前到現在露臉最久的影片了  感動...","canRate":true,"viewerRating":"none","likeCount":149,"publishedAt":"2017-07-27T11:37:38.000Z","updatedAt":"2017-07-27T11:37:38.000Z"}},"canReply":true,"totalReplyCount":0,"isPublic":true}},{"kind":"youtube#commentThread","etag":"\"ld9biNPKjAjgjV7EZ4EKeEGrhao/xOKmqg63CrI_JvsmMVFGiGJKLCE\"","id":"z12di1npizrjuxcgw04ccbaywqnhdpmwlp00k","snippet":{"videoId":"GiILtNnnU7M","topLevelComment":{"kind":"youtube#comment","etag":"\"ld9biNPKjAjgjV7EZ4EKeEGrhao/ClFwqvjTft0Z8J5G3Munz5j2qSk\"","id":"z12di1npizrjuxcgw04ccbaywqnhdpmwlp00k","snippet":{"authorDisplayName":"o Ya","authorProfileImageUrl":"https://yt3.ggpht.com/-NL1vPjq8dVs/AAAAAAAAAAI/AAAAAAAAAAA/hftIORpiPuM/s28-c-k-no-mo-rj-c0xffffff/photo.jpg","authorChannelUrl":"http://www.youtube.com/channel/UCDqeIKvcbERjf9XMOl2El5Q","authorChannelId":{"value":"UCDqeIKvcbERjf9XMOl2El5Q"},"videoId":"GiILtNnnU7M","textDisplay":"讚啦","textOriginal":"讚啦","canRate":true,"viewerRating":"none","likeCount":0,"publishedAt":"2017-07-27T11:37:35.000Z","updatedAt":"2017-07-27T11:37:35.000Z"}},"canReply":true,"totalReplyCount":0,"isPublic":true}},{"kind":"youtube#commentThread","etag":"\"ld9biNPKjAjgjV7EZ4EKeEGrhao/UtwfaKt4rC-4YjZ2y1DHnnrgbKs\"","id":"z13uefvgvtrfvnf2t22vh3bwzwimjj4a204","snippet":{"videoId":"GiILtNnnU7M","topLevelComment":{"kind":"youtube#comment","etag":"\"ld9biNPKjAjgjV7EZ4EKeEGrhao/G9ySljuzejPDOJUy8V-uiA9rLTo\"","id":"z13uefvgvtrfvnf2t22vh3bwzwimjj4a204","snippet":{"authorDisplayName":"施翔翔","authorProfileImageUrl":"https://yt3.ggpht.com/-woiyK0GRvcY/AAAAAAAAAAI/AAAAAAAAAAA/6TJUpaXglMM/s28-c-k-no-mo-rj-c0xffffff/photo.jpg","authorChannelUrl":"http://www.youtube.com/channel/UCW0OwAu1iRZUeB5QxDZPrig","authorChannelId":{"value":"UCW0OwAu1iRZUeB5QxDZPrig"},"videoId":"GiILtNnnU7M","textDisplay":"露臉啦露臉啦<br />走路痛露臉啦<br />讚讚","textOriginal":"露臉啦露臉啦\n走路痛露臉啦\n讚讚","canRate":true,"viewerRating":"none","likeCount":0,"publishedAt":"2017-07-27T11:36:01.000Z","updatedAt":"2017-07-27T11:36:01.000Z"}},"canReply":true,"totalReplyCount":0,"isPublic":true}},{"kind":"youtube#commentThread","etag":"\"ld9biNPKjAjgjV7EZ4EKeEGrhao/dh6jIk_hZg3eSKiplUCsGBSpfnk\"","id":"z130urdo1yeuffd1e22dyhdhcq2lwajc","snippet":{"videoId":"GiILtNnnU7M","topLevelComment":{"kind":"youtube#comment","etag":"\"ld9biNPKjAjgjV7EZ4EKeEGrhao/_Rwn0yXhXyGD2SZhA4CUmr8CnIk\"","id":"z130urdo1yeuffd1e22dyhdhcq2lwajc","snippet":{"authorDisplayName":"張芷瑄","authorProfileImageUrl":"https://yt3.ggpht.com/-6ohFhLSUKoI/AAAAAAAAAAI/AAAAAAAAAAA/6LFneXHDj_k/s28-c-k-no-mo-rj-c0xffffff/photo.jpg","authorChannelUrl":"http://www.youtube.com/channel/UCTFaldhnhJBJW9u5yqQ_aqQ","authorChannelId":{"value":"UCTFaldhnhJBJW9u5yqQ_aqQ"},"videoId":"GiILtNnnU7M","textDisplay":"新聞有劇透是你www","textOriginal":"新聞有劇透是你www","canRate":true,"viewerRating":"none","likeCount":0,"publishedAt":"2017-07-27T11:35:47.000Z","updatedAt":"2017-07-27T11:35:47.000Z"}},"canReply":true,"totalReplyCount":0,"isPublic":true}},{"kind":"youtube#commentThread","etag":"\"ld9biNPKjAjgjV7EZ4EKeEGrhao/Hh0_2Mmleu8KqMOtHKzBzAbZ5fA\"","id":"z125yfvodyiyjlynh23tv5e5eyqzt120z","snippet":{"videoId":"GiILtNnnU7M","topLevelComment":{"kind":"youtube#comment","etag":"\"ld9biNPKjAjgjV7EZ4EKeEGrhao/hnNrNPvU1iAZb_WtVNGH9nBdHv4\"","id":"z125yfvodyiyjlynh23tv5e5eyqzt120z","snippet":{"authorDisplayName":"秋本犬犬","authorProfileImageUrl":"https://yt3.ggpht.com/-g0TQiBKHsIQ/AAAAAAAAAAI/AAAAAAAAAAA/LYSDR6cQRpM/s28-c-k-no-mo-rj-c0xffffff/photo.jpg","authorChannelUrl":"http://www.youtube.com/channel/UC3MSJ_USu-4R8VhTGytspfw","authorChannelId":{"value":"UC3MSJ_USu-4R8VhTGytspfw"},"videoId":"GiILtNnnU7M","textDisplay":"讚讚！","textOriginal":"讚讚！","canRate":true,"viewerRating":"none","likeCount":2,"publishedAt":"2017-07-27T11:32:45.000Z","updatedAt":"2017-07-27T11:32:45.000Z"}},"canReply":true,"totalReplyCount":0,"isPublic":true}}]}